Date,Open,High,Low,Close,Shares Traded,Turnover,Daily_Return_%,SMA_20,SMA_50,MACD,MACD_Signal,ATR_14,CCI_20
2026-03-25,10977.95,11029.3,10925.95,10956.05,131039068,5507.62,,,,0.0,0.0,,
2026-03-27,10987.6,11025.45,10808.0,10830.4,226986561,8643.2,-1.1468549340318823,,,-10.023361823361483,-2.0046723646722966,,
2026-03-30,10720.75,10955.4,10696.2,10788.05,173728028,7270.91,-0.39102895553257966,,,-21.140544313762803,-5.831846754490398,,
2026-04-01,11095.6,11095.85,10904.2,10929.05,136059136,5182.89,1.3070017287647007,,,-18.36180644369233,-8.337838692330784,,
2026-04-02,10838.5,10876.75,10610.3,10842.35,119136150,5410.19,-0.7932985941138448,,,-22.891720574620194,-11.248615068788666,,
2026-04-06,10863.25,10863.25,10580.95,10694.35,123785928,6306.29,-1.3650177313958678,,,-37.986192095153456,-16.596130474061624,,
2026-04-07,10622.1,10766.95,10583.0,10747.3,128949668,6280.95,0.49512125561628206,,,-45.15552229391869,-22.30800883803304,,
2026-04-08,11065.3,11153.25,10985.1,11135.25,234617097,9184.95,3.6097438426395456,,,-19.310347694159645,-21.708476609258362,,
2026-04-09,11106.65,11146.95,11024.05,11092.2,131018358,5855.53,-0.3866100895803748,,,-2.2754063673473865,-17.82186256087617,,
2026-04-10,11131.75,11237.0,11128.2,11193.4,111137042,5336.44,0.9123528245073009,,,19.16992266496709,-10.42350551570752,,
2026-04-13,10952.85,11051.2,10893.55,11035.9,138654615,6792.55,-1.4070791716547237,,,23.189255409202815,-3.7009533307254534,,
2026-04-15,11186.95,11288.4,11155.25,11274.65,123883804,5346.51,2.1633940140813213,,,45.119624306717014,6.06316219676304,,
2026-04-16,11349.75,11349.75,11202.3,11254.95,106392993,6292.31,-0.17472826207464154,,,60.21584353631624,16.89369846467368,,
2026-04-17,11272.05,11436.65,11244.65,11409.95,140654553,6079.95,1.3771718221760265,,,83.72181765026289,30.25932230179152,231.30357142857156,
2026-04-20,11402.65,11503.4,11318.55,11434.4,90248039,4314.9,0.2142866533157317,,,103.13451169793916,44.834360181021054,237.12500000000026,
2026-04-21,11426.5,11506.8,11426.5,11442.7,103416325,5772.21,0.07258798013014545,,,117.83067356779429,59.433622858375706,227.3285714285716,
2026-04-22,11411.95,11523.6,11400.15,11501.05,70854844,3286.09,0.5099320964457643,,,132.65666165878793,74.07823061845815,217.63214285714315,
2026-04-23,11447.4,11528.85,11401.35,11414.0,94902420,4574.17,-0.7568874146273497,,,135.8165479220006,86.42589407916665,204.75357142857163,
2026-04-24,11426.4,11447.65,11293.2,11331.7,79242971,4134.14,-0.72104433152268,,,130.1792331946399,95.1765619022613,193.01785714285728,
2026-04-27,11326.35,11532.1,11316.8,11508.35,84190818,5137.26,1.5589011357519222,11140.8025,,138.37074748864688,103.81539901953842,188.23214285714312,91.14206858730189
2026-04-28,11479.85,11715.35,11465.05,11686.75,173286528,10592.88,1.550178783231293,11177.3375,,157.44306498408332,114.54093221244742,192.97142857142885,123.55709913661357
2026-04-29,11738.65,11863.0,11713.05,11769.25,130058451,7877.66,0.7059276531114378,11224.279999999999,,177.17273749493324,127.06729326894458,176.56428571428594,148.36962686734557
2026-04-30,11714.8,11731.05,11554.9,11694.65,109742234,6964.06,-0.6338551734392572,11269.61,,184.66039843654107,138.5859143024639,183.09642857142873,107.63978263741672
2026-05-04,11740.75,11801.95,11698.5,11733.1,92111438,5725.13,0.3287828194943998,11309.8125,,191.48964392142807,149.16666022625674,180.41785714285743,117.32069548353105
2026-05-05,11734.7,11766.25,11577.8,11700.15,100106440,5654.82,-0.2808294483129026,11352.702500000001,,192.029484185412,157.7392250180878,172.4607142857146,94.89399709717046
2026-05-06,11754.1,11792.45,11600.85,11720.6,114737708,5110.42,0.17478408396474077,11404.015,,191.89540480037977,164.57046097454622,168.11071428571464,96.61510514300663
2026-05-07,11755.7,11777.3,11657.8,11708.6,109660251,5491.79,-0.10238383700492681,11452.08,,188.64624967193413,169.3856187140238,166.114285714286,95.66035490818349
2026-05-08,11658.85,11661.85,11554.15,11598.85,65835756,2977.54,-0.9373451992552462,11475.26,,175.19581474597726,170.5476579204145,163.4321428571432,51.90483340719034
2026-05-11,11526.55,11538.4,11323.45,11339.0,73239120,3830.26,-2.2403083064269302,11487.6,,141.93241627411953,164.8246095911555,169.9000000000003,-31.110728335739275
2026-05-12,11347.35,11446.85,11275.05,11293.15,159845774,7774.71,-0.4043566452068159,11492.5875,,110.59633580444097,153.97895483381262,176.4357142857147,-60.846642359505815
2026-05-13,11318.1,11490.3,11270.55,11437.55,110631757,4906.12,1.2786512177735965,11512.670000000002,,96.30400682330219,142.44396523171054,183.3142857142861,-48.976866804378794
2026-05-14,11530.65,11543.7,11382.15,11442.2,109017256,5267.55,0.040655559975699695,11521.047499999999,,84.3797717888101,130.83112654313047,185.74642857142902,-29.877666565563366
2026-05-15,11452.1,11477.55,11229.25,11250.7,120487812,5432.12,-1.673629197182358,11520.835000000001,,58.79947628556147,116.42479649161668,192.45000000000047,-98.95224141539734
2026-05-18,11205.85,11206.55,11071.45,11162.5,80965481,3482.33,-0.7839512208129285,11508.4625,,31.051957286885226,99.35022865067039,189.8750000000004,-167.73114883080436
2026-05-19,11189.7,11276.25,11161.05,11180.7,105931496,4851.0,0.16304591265399182,11495.7775,,10.410431492629868,81.5622692190623,180.22500000000036,-127.86824830463388
2026-05-20,11127.1,11378.9,11074.9,11359.0,99817058,3948.69,1.5947123167601163,11491.592499999999,,8.3430203262742,66.91841944050468,189.35000000000036,-90.91546455586632
2026-05-21,11395.85,11431.75,11339.6,11377.55,113211988,5069.38,0.16330662910466476,11485.4175,,8.10794866800461,55.156325286004666,180.62142857142888,-41.38769178780763
2026-05-22,11366.8,11415.2,11319.55,11372.3,81902087,2870.16,-0.04614350189627858,11483.3325,,7.412574022147965,45.607575033233324,179.78928571428605,-44.596869701369435
2026-05-25,11512.35,11561.15,11483.95,11524.6,120103920,3757.56,1.3392189794500853,11492.977499999999,,18.932578797934184,40.2725757861735,179.81785714285746,13.959349088590475
2026-05-26,11502.6,11576.2,11480.65,11515.6,109516205,5562.76,-0.07809381670513815,11493.34,,27.024518963600713,37.62296442165894,172.95714285714323,12.877314131094709
2026-05-27,11486.1,11507.1,11394.7,11484.15,138051651,8136.33,-0.27310778422314774,11483.210000000001,,30.547554489821778,36.20788243529151,173.0571428571432,-9.517545665462292
2026-05-29,11586.75,11604.6,11137.65,11200.25,294928203,14945.21,-2.4721028548042256,11454.76,,10.312353782561331,31.028776704745475,195.37857142857177,-66.684437084215
2026-06-01,11257.65,11290.75,11148.5,11159.1,94281500,4772.18,-0.36740251333675644,11427.9825,,-8.94157672919755,23.03470601795687,185.8678571428575,-108.04850741693399
2026-06-02,11084.15,11170.95,11034.25,11138.9,100218170,5932.11,-0.1810181824699164,11398.272500000001,,-25.536062722976567,13.320552269770186,183.36071428571464,-137.23923073065535
2026-06-03,11129.85,11174.15,11056.65,11130.8,86408629,4994.21,-0.07271813195198762,11369.804999999998,,-38.89258522268574,2.8779247712790017,176.0571428571432,-124.06652803320817
2026-06-04,11066.7,11183.9,11065.7,11159.4,92033304,5333.81,0.25694469400223685,11341.745,,-46.632395326754704,-7.0241392483277405,172.96071428571446,-106.77069679379154
2026-06-05,11172.8,11188.75,11080.05,11106.2,73708656,4322.25,-0.4767281395056999,11311.625,,-56.40880044730329,-16.901071488122852,162.989285714286,-104.05704232529877
2026-06-08,11009.0,11043.7,10906.1,10931.7,67153943,3778.68,-1.5711944679548395,11278.2675,,-77.34576969619775,-28.990011129737834,164.47857142857174,-166.16158897336743
2026-06-09,10983.45,11011.15,10901.75,10965.3,80037061,4829.34,0.30736299020279745,11259.5825,,-90.18760292884872,-41.22952948956001,164.06428571428594,-143.2343788635865
2026-06-10,10968.35,11066.55,10788.2,10803.0,101273444,5584.09,-1.4801236628272707,11235.075,11275.233,-112.16809787832062,-55.41724316731213,162.23214285714297,-150.69391077939113
2026-06-11,10775.05,10818.8,10740.55,10779.1,143651213,8065.8,-0.22123484217346778,11202.1525,11271.694,-130.0175671649049,-70.33730796683068,161.23928571428587,-169.27356360231147
2026-06-12,10888.35,11039.1,10791.85,11012.3,142412323,6777.67,2.1634459277676044,11180.6575,11275.332000000002,-123.91766341889524,-81.0533790572436,172.97857142857148,-94.11993826827118
2026-06-15,11250.0,11257.05,11162.15,11180.6,144535207,6465.6,1.528291092687284,11177.1525,11283.183,-104.3007284222349,-85.70284893024186,176.9714285714286,7.538727443267983
2026-06-16,11234.5,11311.55,11180.35,11294.6,91711430,4792.06,1.0196232760316892,11183.7575,11290.493999999999,-78.64870552260254,-84.292020248714,179.51785714285703,30.20557602929373
2026-06-17,11334.3,11358.3,11271.45,11303.95,83172301,3590.43,0.08278292281267419,11189.920000000002,11299.725999999999,-56.9088162932876,-78.81537945762872,177.0857142857141,46.519900328251296
2026-06-18,11319.25,11341.6,11240.05,11303.65,76938926,4038.23,-0.0026539395521107956,11187.1525,11311.912,-39.251537651594845,-70.90261109642195,150.9857142857141,39.47651518799594
2026-06-19,11287.95,11295.8,11135.35,11169.75,90648756,5154.11,-1.1845731246101887,11176.7625,11320.360999999999,-35.65165794483801,-63.852420466105166,152.84642857142833,6.450891021020274
2026-06-22,11237.15,11324.75,11193.65,11273.05,66426415,3670.47,0.9248192663219745,11171.8,11323.117,-24.18449683048675,-55.918835738981485,154.15357142857115,35.59559772354644
2026-06-23,11293.65,11306.95,11149.55,11171.3,70369767,3649.6,-0.9025951273169186,11154.135,11324.698999999999,-23.04145610749947,-49.34335981268509,157.00357142857123,21.12543828380532
2026-06-24,11168.85,11279.25,11131.4,11241.6,74874326,3215.62,0.6292911299490722,11140.435,11325.663,-16.27535347715275,-42.72975854557862,159.12142857142848,35.364876914188166
2026-06-25,11305.0,11315.7,11116.0,11143.3,113736114,4959.38,-0.874430686023353,11123.3925,11327.810999999998,-18.63039724565897,-37.909886285594695,165.62142857142848,32.062052680608794
2026-06-29,11101.05,11124.35,10963.7,11012.05,123572208,5331.54,-1.1778378038821535,11113.9825,11322.559000000001,-30.733290258072884,-36.47456708009034,164.15714285714265,-50.01360622162237
2026-06-30,11040.85,11069.2,10952.25,11030.25,94451873,4207.0,0.16527349585226947,11107.539999999999,11318.065,-38.41352506542535,-36.862358677157346,164.69642857142844,-52.52215336791846
2026-07-01,11058.45,11097.8,11011.95,11084.15,59481908,2658.84,0.48865619546247796,11104.8025,11311.549,-39.69332697927166,-37.428552337580214,150.94642857142844,-24.190744860550183
2026-07-02,11088.5,11170.6,11068.25,11132.5,89617376,4571.93,0.43620845982776935,11104.8875,11305.511,-36.38669512283559,-37.22018089463129,152.66785714285703,7.925519520025626
2026-07-03,11191.05,11192.15,11119.45,11136.2,57728011,2867.28,0.033236020660232235,11103.727499999999,11299.381000000001,-33.08620925100877,-36.39338656590679,139.28928571428554,21.34713678582198
2026-07-06,11149.9,11287.3,11105.3,11261.1,69248776,3028.89,1.1215675005836756,11111.4725,11294.582,-20.159774915518938,-33.14666423582922,134.80714285714268,54.37018456730218
2026-07-07,11287.65,11327.95,11214.85,11248.9,91748676,4249.18,-0.10833755139374457,11127.3325,11291.28,-10.775704995514388,-28.672472387766256,133.51428571428565,72.9962601811727
2026-07-08,11157.75,11177.95,10962.25,10998.55,151846936,6321.14,-2.225550942758847,11128.994999999999,11284.617000000002,-23.27165357675949,-27.592308625564904,147.78571428571428,-49.851708172285434
2026-07-09,11026.5,11109.1,10969.05,11032.85,78371478,3855.72,0.31185929054284856,11140.4875,11275.107,-30.06054031617714,-28.085954963687353,150.53571428571428,-64.36747649208333
2026-07-10,11113.3,11201.35,11094.5,11177.45,52649959,2836.5,1.310631432494791,11160.405,11264.920999999998,-23.50185567821427,-27.169135106592737,150.55000000000004,-2.0913299481313277
2026-07-13,11106.6,11192.5,11085.8,11176.55,67244660,3150.89,-0.008051925975971486,11168.6175,11253.067,-18.167252549574187,-25.36875859518903,147.1000000000001,-16.82900176146579
2026-07-14,11135.9,11158.05,11078.45,11102.4,86189346,4085.53,-0.6634426544864014,11164.7075,11241.222000000002,-19.69578568184079,-24.234164012519383,142.86428571428561,-46.23771204950206
2026-07-15,11120.75,11221.9,11118.45,11178.85,77757009,3354.41,0.6885898544458868,11158.92,11230.136999999999,-14.57032547855124,-22.301396305725756,140.83928571428558,10.290426538831815
2026-07-16,11196.2,11298.25,11172.4,11188.15,90064449,4657.18,0.08319281500333009,11153.13,11219.897000000003,-9.646727593028118,-19.77046256318623,135.56428571428555,61.12334013934987
2026-07-17,11200.9,11311.05,11155.45,11298.65,71119425,4232.58,0.9876521140671057,11152.88,11211.457999999999,3.135541150251811,-15.18926182049862,133.84999999999985,100.53227315405137
2026-07-20,11247.1,11408.9,11236.8,11369.05,84602527,4461.98,0.623083288711479,11162.845,11204.667,18.73036092176517,-8.405337272045863,137.78928571428554,161.2208066725422
2026-07-21,11369.15,11409.5,11304.35,11311.95,70208672,3510.8,-0.5022407325150136,11164.789999999999,11198.928999999998,26.18008739891411,-1.4882523378538677,139.16785714285703,152.81839579938557
2026-07-22,11306.95,11307.4,11194.3,11243.15,73966507,3613.21,-0.6082063658343739,11168.3825,11197.011999999999,26.230100024609783,4.055418134638862,140.26071428571427,68.00295225886724
2026-07-23,11177.5,11232.7,11106.55,11128.5,88183022,4677.23,-1.0197320146044464,11162.7275,11193.719,16.82449624104447,6.609233755919984,144.82500000000007,-7.892851293438057
2026-07-24,11071.1,11105.0,10986.65,11077.0,62740598,2914.58,-0.46277575594194653,11159.4125,11186.508,5.155439188494711,6.31847484243493,141.95714285714297,-85.80302743481352
2026-07-27,11153.0,11171.2,11052.4,11079.1,73744090,2905.91,0.01895820167916451,11162.765,11179.246,-3.878214504396965,4.279136973068551,142.36428571428587,-52.851707162695334
2026-07-28,11067.95,11095.9,11019.15,11067.85,68007844,2843.59,-0.10154254406946617,11164.645,11175.589000000002,-11.809103129833602,1.0614889524881206,127.37142857142875,-91.63424153417907
2026-07-29,11104.95,11110.25,11035.25,11076.3,53815252,2486.5,0.07634725804921416,11164.2525,11173.865,-17.214111561388563,-2.5936311502872162,122.72500000000011,-80.89246440041784
2026-07-30,11087.25,11162.5,11060.9,11127.75,61728126,3467.68,0.46450529508952343,11164.015000000001,11172.805999999999,-17.148359061193332,-5.50457673246844,117.9464285714287,-41.8126501677405
2026-07-31,11146.35,11265.85,11090.75,11247.7,88817222,3236.52,1.077935791152762,11169.59,11170.58,-7.332759705643184,-5.870213327103389,122.83214285714295,30.60635928887029
2026-08-03,11312.4,11358.2,11265.65,11357.4,99329786,3638.95,0.9753105079260527,11174.404999999999,11170.177,9.192086053897583,-2.857753450903195,123.71785714285735,125.96858110840039
2026-08-04,11342.6,11342.8,11196.75,11226.3,67722023,3025.37,-1.1543134872417982,11173.275,11167.257,11.576029756626667,0.02900319060277745,126.65714285714304,68.40814559651346
2026-08-05,11308.1,11321.95,11163.2,11216.05,100221410,5330.1,-0.09130345706065413,11184.15,11161.086000000001,12.494207532192377,2.522044058920698,129.007142857143,44.440799285267
2026-08-06,11244.75,11334.45,11189.85,11304.3,89054988,4803.73,0.7868188890028049,11197.7225,11156.86,20.111079492740828,6.0398511456847235,128.22142857142885,72.32039224619804
2026-08-07,11276.5,11344.45,11238.95,11312.2,56530860,2939.82,0.06988491105155425,11204.46,11153.421,26.479727558780723,10.127826428303923,123.46428571428598,82.55760544650389
2026-08-10,11313.6,11318.0,11226.8,11270.45,61959022,2776.75,-0.3690705609872502,11209.155,11154.825,27.837161484494573,13.669693439542053,122.46785714285748,54.81958368588077
2026-08-11,11279.3,11302.25,11220.5,11279.1,104285262,5883.48,0.07674937557948791,11217.990000000002,11157.225,29.273473973478758,16.790449546329395,119.90357142857167,46.48886078032995
2026-08-12,11289.25,11307.9,11189.1,11293.9,70235586,3078.29,0.1312161431319847,11223.7425,11160.325,31.245815963724453,19.681522829808408,118.63214285714301,39.86236826786453
2026-08-13,11292.95,11293.5,11188.35,11252.55,59078309,2803.99,-0.36612684723612565,11226.9625,11162.76,29.136444976440544,21.572507259134838,116.0392857142858,21.996524280576303
2026-08-14,11240.6,11241.6,11161.95,11200.05,63904656,2923.89,-0.4665609128597481,11222.0325,11163.573,22.963730442512315,21.850751895810333,114.02499999999989,-13.504263092018673
2026-08-17,11212.25,11244.25,11131.6,11208.5,70110990,3472.63,0.07544609175853534,11214.005000000001,11165.618999999999,18.539937227125847,21.18858896207344,116.58928571428558,-13.602621470489026
2026-08-18,11205.7,11300.75,11196.8,11231.15,68057376,3650.8,0.20207877949769415,11209.965,11171.608,16.669558642683114,20.284782898195374,118.65714285714277,37.61295567363106
2026-08-19,11253.7,11274.55,11143.95,11176.9,92246679,4156.47,-0.48303156845024287,11206.6525,11175.84,10.686560507945615,18.365138420145424,120.72857142857121,-3.6724732811585383
2026-08-20,11218.05,11218.05,11104.3,11178.15,48060570,2088.28,0.011183780833690093,11209.134999999998,11183.343,5.976957291182771,15.887502194352894,116.34642857142833,-36.47001421328318
2026-08-21,11178.45,11207.85,11156.9,11182.75,51404594,2103.68,0.04115171115077754,11214.422499999999,11191.416000000001,2.58593531461338,13.227188818404993,112.09285714285696,-29.82288086249316
2026-08-24,11200.3,11267.3,11154.2,11197.0,48289123,2225.2,0.1274284053564667,11220.3175,11195.11,1.0364345031757694,10.789037955359149,108.69642857142831,-9.970311726867324
2026-08-25,11177.25,11216.9,11132.7,11214.9,54323295,2246.72,0.15986424935250376,11227.67,11195.795999999998,1.2385471494490048,8.87893979417712,103.37142857142824,-45.46984572230053
2026-08-26,11211.35,11248.4,11146.05,11149.35,37786681,1673.52,-0.5844902763288085,11231.322499999998,11192.891000000001,-3.8462768131503253,6.333896472711631,100.35357142857109,-70.65085638998968
2026-08-27,11173.35,11203.75,11060.65,11060.65,51170570,2572.46,-0.7955620731253443,11227.967499999999,11188.025,-14.862064512473808,2.094704275674543,103.0392857142854,-183.3548504883743
2026-08-28,11079.15,11089.3,11030.9,11067.7,43684190,1895.79,0.06373947281579362,11218.9675,11183.306,-22.760905991859545,-2.876417777832275,100.69642857142819,-209.85029436501455
2026-08-31,11040.8,11104.2,10969.0,11103.8,108009305,6440.2,0.32617436323716387,11206.2875,11181.987,-25.810301384632112,-7.463194499192243,104.51428571428538,-191.6252901816186
2026-09-01,11063.6,11151.7,11013.55,11142.3,59476364,3147.27,0.3467281471208006,11202.0875,11179.372,-24.834069269172687,-10.937369453188332,105.89642857142839,-119.12257800301794
2026-09-02,11080.65,11182.45,11025.6,11178.85,70718982,3591.34,0.3280292219739245,11200.2275,11179.523000000001,-20.87053619559083,-12.924002801668832,109.56071428571418,-76.7027032209824
2026-09-03,11175.45,11218.1,11139.4,11164.65,43174621,2415.53,-0.12702558849971846,11193.244999999999,11177.983999999999,-18.66012667987161,-14.071227577309388,108.71071428571433,-16.891848461864015
2026-09-04,11157.6,11238.45,11152.2,11187.65,49717026,2764.58,0.2060073535668394,11187.0175,11178.871000000001,-14.880915501689742,-14.23316516218546,106.82500000000007,15.359169912144711
2026-09-07,11193.95,11202.4,11075.1,11118.85,47062144,2345.31,-0.6149638217141207,11179.4375,11181.007,-17.238731068620837,-14.834278343472535,108.49285714285712,-61.380866339710224
2026-09-08,11089.35,11114.2,10989.05,11044.75,46116248,2359.63,-0.6664358274461879,11167.72,11181.296999999999,-24.800680802612987,-16.82755883530063,108.43571428571444,-151.33267028320532
2026-09-09,10999.05,11096.5,10980.55,11029.0,65849298,4304.11,-0.1426016885850756,11154.475,11180.194,-31.699066710412808,-19.801860410323066,108.59285714285735,-144.0697055330305
2026-09-10,11027.2,11136.65,10995.65,11029.9,57781211,3079.8,0.008160304651361194,11143.3425,11178.142,-36.67074721697463,-23.17563777165338,115.02500000000016,-106.85290842680045
2026-09-11,10996.45,10996.45,10907.7,10937.0,74217169,3328.21,-0.8422560494655396,11130.189999999999,11174.158000000001,-47.558864454686045,-28.052283108259914,115.67500000000018,-195.21937630649668
2026-09-15,10950.75,10977.5,10788.6,10796.4,65466243,3268.22,-1.2855444820334627,11109.585,11164.864000000001,-66.7634136927245,-35.79450922515284,123.15357142857167,-231.1305330122781
2026-09-16,10836.95,10900.85,10781.35,10872.45,51556504,2631.25,0.7044014671557353,11091.65,11157.335,-74.98220966334884,-43.632049312792034,124.37857142857163,-192.92918029043568
2026-09-17,10884.75,10924.9,10828.6,10857.35,49746795,2283.98,-0.1388831404145363,11075.6725,11154.510999999999,-81.7714975643994,-51.25993896311351,121.03571428571442,-151.24059798003373
2026-09-18,10880.8,11001.35,10878.1,10948.7,127617454,6482.24,0.8413655265787634,11064.2,11152.828000000001,-78.87169181662648,-56.78228953381611,127.15000000000016,-87.97638457038094
2026-09-21,10953.8,11017.8,10938.65,11006.25,48691794,2646.79,0.5256331801948955,11055.375,11149.404000000002,-71.11005834681418,-59.64784329641573,123.14642857142864,-50.12446924221637
2026-09-22,11023.35,11046.4,10899.05,10958.9,73647702,3323.17,-0.43021010789324743,11043.47,11145.051,-67.99584342491653,-61.31744332211589,123.80357142857143,-56.630981153897714
2026-09-23,10975.9,11024.35,10952.3,11005.2,42101454,2038.82,0.4224876584328907,11032.985,11143.107,-61.087602749072175,-61.27147520750715,117.74642857142862,-31.552185456726317
2026-09-24,10924.55,10963.95,10837.4,10869.85,52767159,2801.12,-1.229873150874139,11019.01,11136.927,-65.77615945319485,-62.172412056644696,124.11071428571437,-98.77029189522237
