Date ,Open ,High ,Low ,Close ,Shares Traded ,Turnover (₹ Cr)
24-SEP-2026,25092.05,25172.6,24901.1,24954.15,168207504,15581.02
23-SEP-2026,25486.75,25594.35,25480.35,25564.85,90993929,7375.49
22-SEP-2026,25553.5,25652.7,25391.55,25417.95,95213793,7949.17
21-SEP-2026,25531.2,25619.4,25454.65,25524.7,100264934,9090.19
18-SEP-2026,25386.85,25576.6,25365,25510,133528402,10294.36
17-SEP-2026,25224.55,25447.6,25199.2,25318.35,108685832,8923.19
16-SEP-2026,25167.65,25305.45,25057.25,25262.4,113117596,9350.88
15-SEP-2026,25682.7,25729.45,25076.65,25076.65,148186733,12046.78
11-SEP-2026,25247.3,25576.95,25124.25,25545.4,133588753,10149.97
10-SEP-2026,25383.9,25520.3,25374.75,25520.3,97208606,8149.08
09-SEP-2026,25538.05,25592.4,25376.8,25376.8,134019127,11812.77
08-SEP-2026,25885.15,25904.95,25690.15,25695.55,96807672,8220.76
07-SEP-2026,26069.9,26080.6,25910.5,25935.6,78845572,7178.57
04-SEP-2026,25988.9,26174,25987.1,26051,115831222,10253.44
03-SEP-2026,25967.05,26100.1,25922.9,25923.05,110286415,10168.12
02-SEP-2026,25777.2,25842.4,25670.85,25813.05,137931961,11992.29
01-SEP-2026,26171.35,26195.9,25896.5,26003.9,128068094,10791.1
31-AUG-2026,26204.4,26293.65,26052.25,26293.65,224753516,17729.06
28-AUG-2026,26238.9,26316.25,26155.45,26286.5,92992612,8170.46
27-AUG-2026,26445.35,26494.9,26280.65,26280.65,158165854,12196.08
26-AUG-2026,26293.7,26478.4,26286.55,26386.75,102910520,9165.36
25-AUG-2026,26092,26246.95,26034.15,26246.95,89101957,7570.71
24-AUG-2026,26272.3,26361.65,26088.9,26158.5,90319568,8440.44
21-AUG-2026,26277.35,26324.1,26192.95,26261,101826278,9279.19
20-AUG-2026,26173.4,26279.3,26159.9,26203.9,105979433,9628.37
19-AUG-2026,26106.65,26129.55,25936.15,26013,90292804,8258.74
18-AUG-2026,26132.7,26220.1,26088.15,26108,86662090,8228.01
17-AUG-2026,26148.65,26322.55,26051.75,26217.15,85025387,8481.25
14-AUG-2026,26306.2,26312.9,26174.95,26213.65,97623322,8169.89
13-AUG-2026,26428.15,26428.15,26282.25,26327.95,141343038,10340.28
12-AUG-2026,26423.75,26441.6,26250.35,26426.75,130714979,11148.68
11-AUG-2026,26521.1,26521.1,26324.7,26432.4,117591356,11248.33
10-AUG-2026,26489.15,26555.4,26349.6,26545.3,148860251,13014.89
07-AUG-2026,26703.25,26709.1,26450.15,26466,126514126,12906.3
06-AUG-2026,26869.65,26927.7,26804.85,26863.5,150187952,14379.3
05-AUG-2026,26857.7,26925.9,26659.6,26843.9,162357530,14978.18
04-AUG-2026,26941.05,26941.05,26594.3,26844.7,137754770,11708.78
03-AUG-2026,26807.25,26984.45,26717.3,26984.45,143158581,13814.1
31-JUL-2026,26375.45,26620.65,26370.3,26594.05,192616547,16266.23
30-JUL-2026,26210.6,26311,26070.1,26251.25,132982056,11306.48
29-JUL-2026,26217.1,26325,26135.8,26287.1,140857241,10340.27
28-JUL-2026,26052.05,26147.55,25969.05,26024.2,130626878,12063.2
27-JUL-2026,26058.55,26155.75,25968.9,26126.15,119389350,10402.28
24-JUL-2026,25784.65,26025.75,25672.75,25909.9,131838321,12049.19
23-JUL-2026,26071.05,26194.3,25920.55,25992.05,116175103,10372.16
22-JUL-2026,26496.55,26511.45,26127.8,26188.85,106255381,8995.04
21-JUL-2026,26527.75,26619.95,26499.95,26531.65,155841285,13953.95
20-JUL-2026,26557.3,26623.3,26360.4,26574.65,208065047,17991.74
17-JUL-2026,26630.9,26959.85,26569.3,26903.35,218128147,14103.12
16-JUL-2026,26712,26736.8,26484.2,26556.7,111141616,10822.9
15-JUL-2026,26631.7,26900,26581.7,26693.35,114279715,10933.05
14-JUL-2026,26669.85,26695.85,26466.95,26536.7,129289200,11724.51
13-JUL-2026,26602.95,26882.5,26550.3,26836.15,101748771,8939.8
10-JUL-2026,26650.4,26857.95,26641.25,26831.05,118407602,9051.97
09-JUL-2026,26366.8,26592.95,26361.25,26482.45,156172184,12904.39
08-JUL-2026,26820.05,26898.45,26237.3,26323.75,176400018,14149.5
07-JUL-2026,27111.75,27127.15,26928.15,26985.05,181410727,16445.49
06-JUL-2026,26910.3,27070,26878.75,26993.85,167808232,14729.57
03-JUL-2026,27090.9,27097,26844,26875.05,114449177,10900.45
02-JUL-2026,26804.15,26979.05,26802.55,26862.4,121447890,12119.31
01-JUL-2026,26553.75,26848.7,26527.9,26797.75,117406426,9912.14
30-JUN-2026,26724.85,26729.7,26505.75,26554.55,170595049,14854.04
29-JUN-2026,26793.45,26887.15,26565.4,26598.35,223366171,20949.75
25-JUN-2026,26884.35,27048.35,26747.15,26770.55,168506966,15880.22
24-JUN-2026,26277.55,26785.4,26277.55,26736,134208453,12752.77
23-JUN-2026,26563.85,26691.5,26282.6,26329.3,114831350,10735.73
22-JUN-2026,26551.75,26634.35,26503.65,26585.55,97637804,8418.25
19-JUN-2026,26466.25,26487.65,26331.05,26431.15,130213576,10609.46
18-JUN-2026,26396.3,26605.7,26385.2,26581.95,121892054,11884.97
17-JUN-2026,26477.4,26508.8,26348.15,26404.95,109169809,11028.04
16-JUN-2026,26325.65,26460.1,26306.75,26442.3,119474965,10998.16
15-JUN-2026,26423.5,26512.95,26232.7,26274.8,161973287,15383.52
12-JUN-2026,25489.25,25962.05,25401.05,25943.35,150766937,13644.32
11-JUN-2026,25087.8,25405.6,25068.3,25152,154999748,13935.17
10-JUN-2026,25105.55,25445.45,25097.4,25206.25,164588304,15167.08
09-JUN-2026,24934.5,25199.6,24897.35,25152.45,155427146,14011.92
08-JUN-2026,24738.3,24951.9,24734.45,24805,120684808,10003.51
05-JUN-2026,25085.6,25355.1,24950.65,25056.8,144820618,13402.17
04-JUN-2026,24824.4,25120.3,24787.35,25031.25,151229738,13456.74
03-JUN-2026,24794.55,25023.7,24530.8,24955.7,159275082,14289.72
02-JUN-2026,24782.45,24973.25,24663.25,24861.25,172686525,15741.42
01-JUN-2026,25428.7,25488.5,24959.6,25008.45,136026856,11921.48
29-MAY-2026,25643.6,25816.25,25288.05,25354,350539363,29317.67
27-MAY-2026,25901.45,25947.3,25715.8,25752.2,140989622,13099.14
26-MAY-2026,26092.55,26179.4,25886.25,25932.25,131394868,12250.29
25-MAY-2026,25805.8,26145.75,25797.95,26102.15,113487089,10217.7
22-MAY-2026,25269.9,25628.2,25265.95,25531.5,104463929,8985.28
21-MAY-2026,25493.35,25537.9,25126.4,25237.2,127470422,11155.8
20-MAY-2026,25078.45,25329.15,25010.3,25294.6,113040806,10582.5
19-MAY-2026,25350.2,25460.6,25256.4,25283.4,170883444,17244.51
18-MAY-2026,25087.65,25403.1,24911.45,25349.75,132444562,11960.24
15-MAY-2026,25470.7,25614.75,25304.05,25343.85,136096954,13477.64
14-MAY-2026,25200.75,25590.75,25041.5,25472.5,167110704,15242.78
13-MAY-2026,25152.55,25375,24970.4,25116.65,154221699,13329.36
12-MAY-2026,25539.75,25595.9,25096.25,25137.15,174022236,15158.42
11-MAY-2026,25765.2,25903.5,25580.6,25655.45,194034040,17138.29
08-MAY-2026,26344.35,26353.15,25953.8,26011.5,174593382,17620.71
07-MAY-2026,26494.7,26592,26352.75,26449.5,200563038,17559.6
06-MAY-2026,25938.35,26450.45,25828.05,26392.75,212707696,17224.27
05-MAY-2026,25712.75,25817.85,25568.85,25716.9,162480750,14121.82
04-MAY-2026,25664.75,26022.9,25659.65,25814.4,201057722,15067.59
30-APR-2026,25717.6,25767.4,25491.45,25657.35,217524215,18415.27
29-APR-2026,26007.2,26158.75,25846.75,25913.95,141593064,10946.55
28-APR-2026,26056.2,26255.55,25887.3,25937.5,164338701,13748.29
27-APR-2026,26160.65,26216.55,26042.8,26164.65,146465349,12677.62
24-APR-2026,26177.25,26318.35,25998.5,26141.75,154055512,12199.97
23-APR-2026,26400.35,26509.95,26221.05,26247.2,224100562,15469.33
22-APR-2026,26763.1,26855.35,26592.05,26625.25,146578329,11435.9
21-APR-2026,26624.8,26883.2,26569.7,26850.75,201762630,16414.24
20-APR-2026,26561.2,26706.6,26380.95,26537.1,208416336,17137
17-APR-2026,26309.05,26552.2,26200.4,26521.25,195202884,15051.07
16-APR-2026,26607.05,26719.4,26304.05,26343.55,230378480,19154.4
15-APR-2026,26404.9,26592.6,26376.35,26445,178428261,15876
13-APR-2026,25645.35,26135.45,25525.05,26047.5,204267924,18392.34
10-APR-2026,25898.6,26242.8,25884.15,26213.9,170477912,15704.67
09-APR-2026,25916.2,25966.55,25556.15,25685.85,193079818,17864.64
08-APR-2026,25688.65,26094.3,25623.9,26053.05,271731614,25269.38
07-APR-2026,24457,24709.55,24307.2,24685.55,185618232,15592.92
06-APR-2026,24101.75,24647.25,23867.75,24603.1,172790293,14574.76
02-APR-2026,23608.45,24123.35,23373.95,24041.55,195332760,15473.29
01-APR-2026,24129.2,24275.15,23941.95,23981.8,244476583,19530.63
30-MAR-2026,24012.4,24057.8,23450.85,23521.8,320475079,24431.4
27-MAR-2026,24856.15,24888.35,24335.9,24373.2,244740331,20878.32
25-MAR-2026,24690.9,25213.4,24689.2,25056.35,227556806,18265.61