cleDate,Open,High,Low,Close,Shares Traded,Turnover (₹ Cr),Daily_Return,MACD,MACD_Signal,MACD_Diff,ATR,CCI,EMA_20
2026-09-24,10924.55,10963.95,10837.4,10869.85,52767159,2801.12,,,,,0.0,,10869.85
2026-09-23,10975.9,11024.35,10952.3,11005.2,42101454,2038.82,1.2451873760907395,,,,0.0,,10882.740476190476
2026-09-22,11023.35,11046.4,10899.05,10958.9,73647702,3323.17,-0.42071020971905515,,,,0.0,,10889.993764172337
2026-09-21,10953.8,11017.8,10938.65,11006.25,48691794,2646.79,0.4320689120258514,,,,0.0,,10901.065786632114
2026-09-18,10880.8,11001.35,10878.1,10948.7,127617454,6482.24,-0.5228847245882906,,,,0.0,,10905.602378381438
2026-09-17,10884.75,10924.9,10828.6,10857.35,49746795,2283.98,-0.8343456300748064,,,,0.0,,10901.006913773681
2026-09-16,10836.95,10900.85,10781.35,10872.45,51556504,2631.25,0.13907629393912213,,,,0.0,,10898.287207699997
2026-09-15,10950.75,10977.5,10788.6,10796.4,65466243,3268.22,-0.6994743595049924,,,,0.0,,10888.583664109521
2026-09-11,10996.45,10996.45,10907.7,10937.0,74217169,3328.21,1.3022859471675696,,,,0.0,,10893.194743718139
2026-09-10,11027.2,11136.65,10995.65,11029.9,57781211,3079.8,0.8494102587546903,,,,0.0,,10906.21429193546
2026-09-09,10999.05,11096.5,10980.55,11029.0,65849298,4304.11,-0.008159638799987157,,,,0.0,,10917.908168893988
2026-09-08,11089.35,11114.2,10989.05,11044.75,46116248,2359.63,0.14280533139903184,,,,0.0,,10929.988343285037
2026-09-07,11193.95,11202.4,11075.1,11118.85,47062144,2345.31,0.6709069920097788,,,,0.0,,10947.97516773408
2026-09-04,11157.6,11238.45,11152.2,11187.65,49717026,2764.58,0.6187690273724344,,,,141.58928571428598,,10970.801342235596
2026-09-03,11175.45,11218.1,11139.4,11164.65,43174621,2415.53,-0.2055838357474582,,,,137.09719387755132,,10989.263119165538
2026-09-02,11080.65,11182.45,11025.6,11178.85,70718982,3591.34,0.12718714872388404,,,,138.5081086005834,,11007.319012578344
2026-09-01,11063.6,11151.7,11013.55,11142.3,59476364,3147.27,-0.32695670842708413,,,,140.42181512911324,,11020.17434471374
2026-08-31,11040.8,11104.2,10969.0,11103.8,108009305,6440.2,-0.3455300970176767,,,,142.7702569056051,,11028.13869283624
2026-08-28,11079.15,11089.3,11030.9,11067.7,43684190,1895.79,-0.3251139249626167,,,,137.77952426949042,,11031.906436375648
2026-08-27,11173.35,11203.75,11060.65,11060.65,51170570,2572.46,-0.06369887149092479,,,,138.15955825024113,67.01638184561693,11034.643918625587
2026-08-26,11211.35,11248.4,11146.05,11149.35,37786681,1673.52,0.8019420196824001,,,,141.70173266093818,113.1620557431151,11045.568307327912
2026-08-25,11177.25,11216.9,11132.7,11214.9,54323295,2246.72,0.5879266504325242,,,,137.59446604229964,106.5116175620166,11061.695135201446
2026-08-24,11200.3,11267.3,11154.2,11197.0,48289123,2225.2,-0.15960909147650915,,,,135.84486132499242,109.05052950626505,11074.581312801309
2026-08-21,11178.45,11207.85,11156.9,11182.75,51404594,2103.68,-0.12726623202643506,,,,129.7809426589216,82.92662645628982,11084.883092534517
2026-08-20,11218.05,11218.05,11104.3,11178.15,48060570,2088.28,-0.04113478348349853,,,,128.63587532614147,65.35126640446344,11093.765655150279
2026-08-19,11253.7,11274.55,11143.95,11176.9,92246679,4156.47,-0.011182530204012497,66.14017134312599,,,128.7761699457027,83.39605909629704,11101.683211802634
2026-08-18,11205.7,11300.75,11196.8,11231.15,68057376,3650.8,0.48537608818186584,68.35100853208132,,,128.42430066386683,115.55040280626737,11114.013382107145
2026-08-17,11212.25,11244.25,11131.6,11208.5,70110990,3472.63,-0.20167124470779063,67.49737945183733,,,127.29756490216202,68.6028241435296,11123.01210762075
2026-08-14,11240.6,11241.6,11161.95,11200.05,63904656,2923.89,-0.07538921354329764,65.38530675988659,,,123.89416740915043,69.78463545496764,11130.349049752107
2026-08-13,11292.95,11293.5,11188.35,11252.55,59078309,2803.99,0.46874790737541083,67.1734514398704,,,122.5552983084968,113.27149117417879,11141.987235490002
2026-08-12,11289.25,11307.9,11189.1,11293.9,70235586,3078.29,0.36747226184288273,71.1074855744464,,,122.28706271503269,131.4367680539594,11156.455117824287
2026-08-11,11279.3,11302.25,11220.5,11279.1,104285262,5883.48,-0.13104419199744255,72.19873755367917,,,119.39155823538749,132.45093259146657,11168.135582793404
2026-08-10,11313.6,11318.0,11226.8,11270.45,61959022,2776.75,-0.0766905160872744,71.54090092710794,,,117.37787550428844,127.01296069852289,11177.879813003556
2026-08-07,11276.5,11344.45,11238.95,11312.2,56530860,2939.82,0.370437737623619,73.5407052689443,69.96760583930276,3.5730994296415304,116.5294558254107,143.13506194106597,11190.672211765122
2026-08-06,11244.75,11334.45,11189.85,11304.3,89054988,4803.73,-0.06983610615088898,73.63923339694884,70.70193135083198,2.937302046116855,118.53449469502424,101.61793581850021,11201.49390588273
2026-08-05,11308.1,11321.95,11163.2,11216.05,100221410,5330.1,-0.7806763797846838,65.83734821635699,69.72901472393698,-3.8916665075799983,121.40703078823678,45.379681474061776,11202.880200560565
2026-08-04,11342.6,11342.8,11196.75,11226.3,67722023,3025.37,0.09138689645642462,59.79214075901473,67.74163993095253,-7.949499171937802,123.16724287479124,65.69001775228554,11205.110657650035
2026-08-03,11312.4,11358.2,11265.65,11357.4,99329786,3638.95,1.1677934849416038,64.83259485073722,67.15983091490948,-2.3272360641722543,123.79101124087768,146.0117746005059,11219.614404540507
2026-07-31,11146.35,11265.85,11090.75,11247.7,88817222,3236.52,-0.9658900804761505,59.2918384285731,65.58623241764221,-6.294393989069107,133.99522472367212,-37.690231211610175,11222.289223155698
2026-07-30,11087.25,11162.5,11060.9,11127.75,61728126,3467.68,-1.0664402500066728,44.70643851458772,61.41027363703131,-16.703835122443593,137.76699438626704,-172.1791831357031,11213.28548761706
2026-07-29,11104.95,11110.25,11035.25,11076.3,53815252,2486.5,-0.4623576194648593,28.665382302608123,54.86129537014667,-26.195913067538548,134.53363764439084,-205.6848994857402,11200.23925070115
2026-07-28,11067.95,11095.9,11019.15,11067.85,68007844,2843.59,-0.0762890134792249,15.096858121683908,46.908407920454124,-31.811549798770216,130.40623495550577,-189.58436417615195,11187.630750634375
2026-07-27,11153.0,11171.2,11052.4,11079.1,73744090,2905.91,0.10164575775784002,5.1916399386627745,38.56505432409586,-33.37341438543309,129.5772181729697,-121.7820852350662,11177.294488669197
2026-07-24,11071.1,11105.0,10986.65,11077.0,62740598,2914.58,-0.018954608226307013,-2.795543993206593,30.29293466063537,-33.08847865384196,128.7752740177576,-149.10710876344416,11167.742632605465
2026-07-23,11177.5,11232.7,11106.55,11128.5,88183022,4677.23,0.46492732689356053,-4.913189022527149,23.251709924002867,-28.164898946530016,130.69846873077498,-46.64142051670643,11164.005239023993
2026-07-22,11306.95,11307.4,11194.3,11243.15,73966507,3613.21,1.030237678033874,2.6295470829645637,19.127277355795208,-16.497730272830644,134.14143525000532,42.898915028203874,11171.542835307422
2026-07-21,11369.15,11409.5,11304.35,11311.95,70208672,3510.8,0.6119281518079944,13.997450902561468,18.101312065148463,-4.103861162586995,136.4420470178621,121.98591362738577,11184.914946230525
2026-07-20,11247.1,11408.9,11236.8,11369.05,84602527,4461.98,0.5047759228072879,27.299398899082007,19.94092943193517,7.358469467146836,138.9890436594434,105.75209238850556,11202.451618018094
2026-07-17,11200.9,11311.05,11155.45,11298.65,71119425,4232.58,-0.6192250012094225,31.7940943504982,22.311562415647778,9.482531934850421,144.31839768376878,30.877153462327126,11211.613368683036
2026-07-16,11196.2,11298.25,11172.4,11188.15,90064449,4657.18,-0.9779929460599246,26.13843871442259,23.076937675402743,3.0615010390198485,143.02779784921387,1.2693905245608768,11209.378762141794
2026-07-15,11120.75,11221.9,11118.45,11178.85,77757009,3354.41,-0.08312366208890198,20.667615196534825,22.59507317962916,-1.9274579830943352,140.20081228855565,-35.13666102088985,11206.471260985432
2026-07-14,11135.9,11158.05,11078.45,11102.4,86189346,4085.53,-0.6838807211833164,10.04725357771531,20.08550925924639,-10.03825568153108,137.35789712508736,-77.38129309719697,11196.559712320153
2026-07-13,11106.6,11192.5,11085.8,11176.55,67244660,3150.89,0.6678736129125173,7.527058536445111,17.573819114686135,-10.046760578241024,135.16804733043833,-40.41492592177929,11194.65402543252
2026-07-10,11113.3,11201.35,11094.5,11177.45,52649959,2836.5,0.008052574363293097,5.53856317890677,15.166767927530262,-9.628204748623492,133.14532966397846,-30.456210383963914,11193.015546819897
2026-07-09,11026.5,11109.1,10969.05,11032.85,78371478,3855.72,-1.2936761068043312,-7.617535043424141,10.609907333339383,-18.227442376763523,138.52066325940868,-121.04942730693911,11177.761685218002
2026-07-08,11157.75,11177.95,10962.25,10998.55,151846936,6321.14,-0.31088975196799096,-20.574392225667907,4.373047421537925,-24.947439647205833,144.03347302659384,-102.3229474867792,11160.69390567343
2026-07-07,11287.65,11327.95,11214.85,11248.9,91748676,4249.18,2.2762091366589354,-10.520369878699057,1.3943639614905288,-11.914733840189585,157.2739392389801,74.66055463692463,11169.094486085483
2026-07-06,11149.9,11287.3,11105.3,11261.1,69248776,3028.89,0.10845504893812752,-1.5501772150764737,0.8054557261771282,-2.355632941253602,159.04008643619576,45.03340269411706,11177.856915982104
2026-07-03,11191.05,11192.15,11119.45,11136.2,57728011,2867.28,-1.1091278827112805,-4.468115416340879,-0.24925850232647317,-4.218856914014406,157.7979374050389,-13.054830287204686,11173.889590650475
2026-07-02,11088.5,11170.6,11068.25,11132.5,89617376,4571.93,-0.033224977999679606,-6.998487335664322,-1.5991042689940431,-5.3993830666702785,153.83737044753616,-36.23340963148591,11169.947724874239
2026-07-01,11058.45,11097.8,11011.95,11084.15,59481908,2658.84,-0.43431394565461856,-12.758197673188988,-3.8309229498330324,-8.927274723355955,151.45970112985495,-88.36572875206654,11161.776512981454
2026-06-30,11040.85,11069.2,10952.25,11030.25,94451873,4207.0,-0.4862799583188582,-21.425113776112994,-7.349761115089025,-14.075352661023969,150.06257962057958,-125.72858733539279,11149.250178411792
2026-06-29,11101.05,11124.35,10963.7,11012.05,123572208,5331.54,-0.16500079327305128,-29.42312367127124,-11.76443362632547,-17.65869004494577,150.81882393339532,-105.02772928366488,11136.183494753526
2026-06-25,11305.0,11315.7,11116.0,11143.3,113736114,4959.38,1.1918761720115745,-24.883979017375168,-14.388342704535411,-10.495636312839757,161.7353365095815,23.266007682219936,11136.861257157952
2026-06-24,11168.85,11279.25,11131.4,11241.6,74874326,3215.62,0.8821444275932677,-13.202495553299741,-14.15117327428828,0.9486777209885382,160.74352675889713,41.8422660352496,11146.836375523862
2026-06-23,11293.65,11306.95,11149.55,11171.3,70369767,3649.6,-0.6253558212354182,-9.507857562321078,-13.22251013189484,3.7146525695737616,160.50470341897602,37.518739815317836,11149.16624452159
2026-06-22,11237.15,11324.75,11193.65,11273.05,66426415,3670.47,0.9108161091368139,1.6119626022627926,-10.255615585063314,11.867578187326107,160.00079603190633,93.06075417129328,11160.964697424295
2026-06-19,11287.95,11295.8,11135.35,11169.75,90648756,5154.11,-0.9163447336789865,2.065246633179413,-7.791443141414768,9.85668977459418,160.03288202962722,45.356592779965254,11161.801392907695
2026-06-18,11319.25,11341.6,11240.05,11303.65,76938926,4038.23,1.1987734729962618,13.078329601752557,-3.6174885927813034,16.69581819453386,160.87696188465387,135.1924181387488,11175.310784059342
2026-06-17,11334.3,11358.3,11271.45,11303.95,83172301,3590.43,0.0026540099879346357,21.58170423978845,1.422349973732647,20.159354266055804,155.58932175003562,137.35922225926493,11187.562137958452
2026-06-16,11234.5,11311.55,11180.35,11294.6,91711430,4792.06,-0.0827144493738996,27.25207805318132,6.5882955896223825,20.663782463558938,153.84722733931872,83.03351275636305,11197.756220057647
2026-06-15,11250.0,11257.05,11162.15,11180.6,144535207,6465.6,-1.0093318931170603,22.2900965331537,9.728655778328648,12.561440754825053,152.31885395793887,25.822811069314014,11196.12229433787
2026-06-12,10888.35,11039.1,10791.85,11012.3,142412323,6777.67,-1.5052859417204911,4.722844954407265,8.727493613544372,-4.004648659137107,169.20679296094323,-163.5176618098488,11178.615409162834
2026-06-11,10775.05,10818.8,10740.55,10779.1,143651213,8065.8,-2.117632102285616,-27.69734183753826,1.442526523327846,-29.139868360866107,176.53130774944728,-222.87536239020616,11140.566322575898
2026-06-10,10968.35,11066.55,10788.2,10803.0,101273444,5584.09,0.22172537595903652,-50.87558115501815,-9.021095012341355,-41.8544861426768,184.45407148162954,-140.91888867747164,11108.417148997241
2026-06-09,10983.45,11011.15,10901.75,10965.3,80037061,4829.34,1.5023604554290415,-55.50838311423831,-18.318552632720746,-37.18983048151757,186.14663780437027,-92.6035701401841,11094.786944330837
2026-06-08,11009.0,11043.7,10906.1,10931.7,67153943,3778.68,-0.3064211649475901,-61.185838972724014,-26.892009900721398,-34.293829072002616,182.67902081834384,-80.98559763293751,11079.254854394567
2026-06-05,11172.8,11188.75,11080.05,11106.2,73708656,4322.25,1.5962750532853898,-51.01648571116493,-31.716905062810106,-19.299580648354826,187.99123361703352,8.20099155883895,11081.821058737942
2026-06-04,11066.7,11183.9,11065.7,11159.4,92033304,5333.81,0.47901172318163265,-38.22378460069922,-33.018280970387934,-5.205503630311284,183.00614550153105,14.753017745148695,11089.209529334328
2026-06-03,11129.85,11174.15,11056.65,11130.8,86408629,4994.21,-0.2562861802605898,-30.046895871981178,-32.424003950706584,2.3771080787254064,178.32713510856456,6.252479071418004,11093.170526540584
2026-06-02,11084.15,11170.95,11034.25,11138.9,100218170,5932.11,0.07277104969993786,-22.65193295492827,-30.469589751550924,7.817656796622654,175.35376831509572,1.7507848485873392,11097.5257144891
2026-06-01,11257.65,11290.75,11148.5,11159.1,94281500,4772.18,0.18134645252225745,-14.98862089222348,-27.373395979685437,12.384775087461957,173.67492772116034,45.13446288843358,11103.389932156804
2026-05-29,11586.75,11604.6,11137.65,11200.25,294928203,14945.21,0.3687573370612318,-5.531169892756225,-23.004950762299597,17.473780869543372,194.62314716964895,101.0157298817088,11112.614700522823
2026-05-27,11486.1,11507.1,11394.7,11484.15,138051651,8136.33,2.534764848998905,24.588840661159338,-13.486192477607812,38.075033138767154,202.6393509432455,160.36197537836657,11147.999014758745
2026-05-26,11502.6,11576.2,11480.65,11515.6,109516205,5562.76,0.27385570547233673,50.415756728629276,-0.705802636360394,51.12155936498967,194.9901115901566,166.660600454831,11183.00863240077
2026-05-25,11512.35,11561.15,11483.95,11524.6,120103920,3757.56,0.07815485081106299,70.79393020908537,13.59414393272876,57.19978627635661,186.5765321908596,144.79832137207399,11215.541143600698
2026-05-22,11366.8,11415.2,11319.55,11372.3,81902087,2870.16,-1.3215209204657907,73.80367945777289,25.636051037737587,48.1676284200353,187.89606560579827,75.41162791925524,11230.470558495868
2026-05-21,11395.85,11431.75,11339.6,11377.55,113211988,5069.38,0.046164803953474554,75.73948095508786,35.65673702120765,40.08274393388021,181.0570609196698,73.66772557597506,11244.478124353405
2026-05-20,11127.1,11378.9,11074.9,11359.0,99817058,3948.69,-0.16304037336684063,74.91323448198636,43.50803651336339,31.40519796862297,189.83869942540767,30.737941984986637,11255.384969653081
2026-05-19,11189.7,11276.25,11161.05,11180.7,105931496,4851.0,-1.5696804296152722,59.18881648189745,46.64419250707021,12.544623974827239,190.4180780378786,7.580682167404231,11248.272115400408
2026-05-18,11205.85,11206.55,11071.45,11162.5,80965481,3482.33,-0.16278050569284996,44.74274749058168,46.263903503772504,-1.5211560131908257,186.46678674945858,-14.077063074889592,11240.103342505132
2026-05-15,11452.1,11477.55,11229.25,11250.7,120487812,5432.12,0.7901455767077348,39.950610845071424,45.00124497203229,-5.0506341269608654,195.65130198164005,51.764640419225536,11241.112547980834
2026-05-14,11530.65,11543.7,11382.15,11442.2,109017256,5267.55,1.702116312762758,51.01716349209164,46.20442867604416,4.812734816047481,202.60478041152288,95.0183046795238,11260.263733887421
2026-05-13,11318.1,11490.3,11270.55,11437.55,110631757,4906.12,-0.04063903794726542,58.73520715010454,48.71058437085624,10.024622779248304,203.82943895355697,65.55360219524864,11277.148140183857
2026-05-12,11347.35,11446.85,11275.05,11293.15,159845774,7774.71,-1.2625081420409079,52.593672042847174,49.48720190525443,3.106470137592744,201.54162188544584,33.56334065811041,11278.672126833013
2026-05-11,11526.55,11538.4,11323.45,11339.0,73239120,3830.26,0.40599832641912137,50.84011978453782,49.757785481111114,1.0823343034267054,204.66364889362828,56.65947841360203,11284.417638563202
2026-05-08,11658.85,11661.85,11554.15,11598.85,65835756,2977.54,2.2916482935003035,69.61565439942933,53.729359264774764,15.886295134654567,213.10553111551198,151.17102505129327,11314.36357774766
2026-05-07,11755.7,11777.3,11657.8,11708.6,109660251,5491.79,0.9462144954025531,92.28747605611716,61.44098262304325,30.84649343307391,210.63013603583246,181.96700164367527,11351.909903676455
2026-05-06,11754.1,11792.45,11600.85,11720.6,114737708,5110.42,0.10248876893907966,109.95585511983518,71.14395712240164,38.81189799743353,209.2708406047016,156.77440810324615,11387.023246183458
2026-05-05,11734.7,11766.25,11577.8,11700.15,100106440,5654.82,-0.174479122229243,120.91420504018424,81.09800670595817,39.81619833422607,207.78363770436582,129.1873526904369,11416.844841785034
2026-05-04,11740.75,11801.95,11698.5,11733.1,92111438,5725.13,0.2816203211069901,130.75035719954394,91.02847680467532,39.72188039486862,200.3312350111969,138.72547771241338,11446.964380662648
2026-04-30,11714.8,11731.05,11554.9,11694.65,109742234,6964.06,-0.3277053805047281,133.89947519106863,99.60267648195398,34.296798709114654,198.75043251039716,90.31531148328135,11470.553487266205
2026-04-29,11738.65,11863.0,11713.05,11769.25,130058451,7877.66,0.637898526249181,140.79181008253727,107.84050320207064,32.95130688046663,196.57897304536883,125.5213870293807,11499.000774193233
2026-04-28,11479.85,11715.35,11465.05,11686.75,173286528,10592.88,-0.7009792467659315,138.00612590824676,113.87362774330587,24.132498164940884,204.26618925641398,52.89782005710451,11516.881652841497
2026-04-27,11326.35,11532.1,11316.8,11508.35,84190818,5137.26,-1.526515070485801,120.01955140236714,115.10281247511814,4.916738927249,216.10074716667017,-14.879700980656908,11516.06911447564
2026-04-24,11426.4,11447.65,11293.2,11331.7,79242971,4134.14,-1.5349724330594672,90.46802378206667,110.17585473650786,-19.707830954441192,216.03283665476513,-49.19026439979258,11498.510151192246
2026-04-23,11447.4,11528.85,11401.35,11414.0,94902420,4574.17,0.7262811405172931,72.84938506209255,102.71056080162481,-29.861175739532257,214.68406260799617,-14.882957781745286,11490.461565364412
2026-04-22,11411.95,11523.6,11400.15,11501.05,70854844,3286.09,0.7626598913614835,65.15957540898307,95.20036372309646,-30.040788314113385,208.1673438502822,-5.950335660849623,11491.46998771066
2026-04-21,11426.5,11506.8,11426.5,11442.7,103416325,5772.21,-0.5073449815451547,53.737535647613186,86.90779810799981,-33.170262460386624,199.03396214669056,-17.4536619259773,11486.82522697631
2026-04-20,11402.65,11503.4,11318.55,11434.4,90248039,4314.9,-0.07253532820051811,43.51414226593806,78.22906693958745,-34.71492467364939,198.02082199335555,-41.86770337973076,11481.832348216662
2026-04-17,11272.05,11436.65,11244.65,11409.95,140654553,6079.95,-0.21382844749177066,33.05804611487292,69.19486277464455,-36.136816659771625,197.59076327954446,-76.99568666559932,11474.986410291265
2026-04-16,11349.75,11349.75,11202.3,11254.95,106392993,6292.31,-1.3584634463779444,12.124545755890722,57.78079937089378,-45.65625361500306,198.30928018814853,-120.6349206349203,11454.030561692096
2026-04-15,11186.95,11288.4,11155.25,11274.65,123883804,5346.51,0.17503409610881704,-2.8430063288469682,45.65603823094563,-48.4990445597926,193.65504588899506,-122.03226702273768,11436.9466986738
2026-04-13,10952.85,11051.2,10893.55,11035.9,138654615,6792.55,-2.117582363975823,-33.58290603821479,29.80824937711355,-63.39115541532834,207.04397118263827,-202.4991869083679,11398.751774990582
2026-04-10,11131.75,11237.0,11128.2,11193.4,111137042,5336.44,1.4271604490798229,-44.720059302953814,14.90258764110008,-59.6226469440539,206.61940181244987,-115.8822741344828,11379.194463086716
2026-04-09,11106.65,11146.95,11024.05,11092.2,131018358,5855.53,-0.9041042042632119,-61.00905335022071,-0.27974055716407875,-60.729312793056636,203.9573016829892,-137.51643465872726,11351.861657078458
2026-04-08,11065.3,11153.25,10985.1,11135.25,234617097,9184.95,0.38811056418022183,-69.64163782201103,-14.152120010133471,-55.48951781187756,201.39963727706137,-119.59177372225678,11331.231975451938
2026-04-07,10622.1,10766.95,10583.0,10747.3,128949668,6280.95,-3.4839810511663516,-106.55900015378938,-32.633496038864656,-73.92550411492473,226.460377471557,-209.01552873927452,11275.619406361277
2026-04-06,10863.25,10863.25,10580.95,10694.35,123785928,6306.29,-0.49268188289151027,-138.49244357436874,-53.805285545965475,-84.68715802840326,230.4489219378743,-172.1084384678684,11220.26041527925
2026-04-02,10838.5,10876.75,10610.3,10842.35,119136150,5410.19,1.3839083254241658,-150.12699390588386,-73.06962721794916,-77.0573666879347,233.0204275137405,-133.61743869468825,11184.268947157418
2026-04-01,11095.6,11095.85,10904.2,10929.05,136059136,5182.89,0.7996421440001455,-150.61529409261675,-88.57876059288269,-62.03653349973406,234.4832541199019,-73.35601184611474,11159.962380761473
2026-03-30,10720.75,10955.4,10696.2,10788.05,173728028,7270.91,-1.2901395821228734,-160.52931510395865,-102.96887149509789,-57.560443608860766,236.24873596848025,-103.47760713274667,11124.542154022285
2026-03-27,10987.6,11025.45,10808.0,10830.4,226986561,8643.2,0.392563994419759,-163.0889690005497,-114.99289099618827,-48.09607800436143,236.3309691135889,-75.48535965611869,11096.528615543974
2026-03-25,10977.95,11029.3,10925.95,10956.05,131039068,5507.62,1.1601602895553231,-153.21247026995115,-122.63680685094086,-30.575663419010297,233.65732846261827,-46.766930739104325,11083.14969977788
