Date,Open,High,Low,Close,Shares Traded,Turnover (₹ Cr),Daily_Return_%,SMA_20,SMA_50,MACD,MACD_Signal,ATR_14,CCI_20
2026-03-25,,,,14411.62,,,,,,0.0,0.0,,
2026-03-27,,,,14106.63,,,-2.116278392019788,,,-24.329686609687997,-4.8659373219376,,
2026-03-30,,,,13767.34,,,-2.4051811098752762,,,-70.18001444793663,-17.928752747137406,,
2026-04-01,,,,14052.41,,,2.0706251171250134,,,-82.56223694857908,-30.855449587425742,,
2026-04-02,,,,13977.28,,,-0.5346413889147805,,,-97.3158045835753,-44.14752058665566,,
2026-04-06,,,,14341.62,,,2.606658806291362,,,-78.70169598325992,-51.058355665976514,,
2026-04-07,,,,14212.94,,,-0.8972487069103807,,,-73.48617846468551,-55.54392022571831,,
2026-04-08,,,,14962.26,,,5.2720971171341,,,-8.787682648538976,-46.192672710282444,,
2026-04-09,,,,14778.46,,,-1.2284240482387077,,,27.340058320220123,-31.486126504181936,,
2026-04-10,,,,15038.65,,,1.7606029315639038,,,76.08959830064123,-9.970981543217306,,
2026-04-13,,,,14854.59,,,-1.2239130507060159,,,98.73371539868458,11.76995784516307,,
2026-04-15,,,,15119.75,,,1.7850374867296903,,,136.50202690970036,36.71637165807053,,
2026-04-16,,,,15183.35,,,0.42064187569239575,,,169.61050998061546,63.29519932257952,,
2026-04-17,,,,15245.35,,,0.4083420325553977,,,198.56319033554246,90.3487975251721,,
2026-04-20,,,,15347.3,,,0.6687284975418706,,,227.11684941321255,117.70240790278021,,
2026-04-21,,,,15463.96,,,0.7601337042997702,,,256.20593445226405,145.403113212677,,
2026-04-22,,,,15543.59,,,0.514939252300195,,,282.42905310733477,172.80830119160856,,
2026-04-23,,,,15295.03,,,-1.5991157769858821,,,279.92751868487176,194.2321446902612,,
2026-04-24,,,,15128.19,,,-1.0908118519545207,,,261.46839606117464,207.6793949644439,,
2026-04-27,,,,15288.71,,,1.0610654678451237,14805.951500000001,,256.83143792510236,217.5098035565756,,
2026-04-28,,,,15122.56,,,-1.0867496342071958,14841.498500000002,,237.01750846892173,221.41134453904482,,
2026-04-29,,,,15070.69,,,-0.3429974819078141,14889.701500000001,,214.6549425591602,220.0600641430679,,
2026-04-30,,,,14831.55,,,-1.5867886606386383,14942.912,,175.61150838417234,211.1703529912888,,
2026-05-04,,,,15034.52,,,1.3685016063729183,14992.017499999998,,159.21199148486085,200.77868069000323,,
2026-05-05,,,,14991.54,,,-0.28587543865716825,15042.7305,,141.12038147560088,188.84702084712276,,
2026-05-06,,,,15268.16,,,1.845174011475792,15089.057499999999,,147.4043863803072,180.55849395375967,,
2026-05-07,,,,15483.58,,,1.4109100245216277,15152.589499999998,,167.83243140387276,178.01328144378232,,
2026-05-08,,,,15273.85,,,-1.3545317039082683,15168.169,,165.1940913920953,175.4494434334449,,
2026-05-11,15175.35,15202.8,15003.15,15127.9,11681102.0,1259.08,-0.95555475534983,15185.641,,149.601727093499,170.27990016545576,,
2026-05-12,15122.4,15143.2,14812.0,14837.45,7281918.0,960.31,-1.9199624534799842,15175.581,,112.51082370179574,158.72608487272376,,
2026-05-13,14830.85,15027.6,14761.55,14964.5,9659672.0,1387.15,0.8562792123983476,15181.076500000001,,92.30386721311879,145.44164134080276,,
2026-05-14,15050.0,15145.05,14925.95,15047.65,9612847.0,1137.11,0.555648367803796,15177.4715,,82.05335865688357,132.76398480401892,,
2026-05-15,15082.0,15109.4,14847.75,14883.5,7390236.0,1082.09,-1.09086800929048,15162.478999999998,,59.99266552983863,118.20972094918287,,
2026-05-18,14804.7,14813.5,14547.15,14776.05,6061783.0,796.66,-0.7219404038028787,15139.014000000001,,33.45345962654392,101.25846868465509,,
2026-05-19,14799.2,14847.45,14701.4,14751.15,5290466.0,840.93,-0.16851594302942363,15109.2065,,10.293073695171188,83.06538968675831,,
2026-05-20,14690.85,14733.65,14550.85,14701.05,5692235.0,841.1,-0.3396345369683029,15071.060999999998,,-11.9664089997259,64.05902994946146,,
2026-05-21,14855.3,15105.5,14826.05,15054.9,52831129.0,2647.63,2.4069709306478115,15046.626500000002,,-1.0424548831924767,51.038732982930675,,
2026-05-22,15138.3,15237.25,15087.1,15141.85,116099289.0,2564.87,0.5775528233332716,15038.967499999999,,14.464260790820845,43.72383854450871,,
2026-05-25,15231.4,15326.0,15167.4,15241.8,39220636.0,1289.24,0.6600910720948816,15044.647999999997,,34.42178149506799,41.863427134620565,,
2026-05-26,15239.55,15291.9,15103.55,15174.15,17433630.0,1126.95,-0.443845215132066,15038.919999999998,,44.26916345429163,42.34457439855478,,
2026-05-27,15207.55,15335.25,15190.2,15254.0,12064006.0,792.63,0.5262238741543968,15045.491999999998,,57.84965742856366,45.44559100455656,,
2026-05-29,15260.8,15300.1,14945.65,15000.9,22802997.0,3425.86,-1.6592369214632252,15042.002499999999,,47.640076839421454,45.88448817152955,250.44642857142884,
2026-06-01,15040.85,15067.9,14784.75,14819.55,9058702.0,1167.8,-1.2089274643521386,15041.4025,,24.631544163148646,41.63389936985337,251.33571428571446,
2026-06-02,14745.25,14837.3,14639.65,14795.5,10227298.0,1010.55,-0.16228562945568292,15029.451500000001,,4.4056961214737385,34.188258720177444,241.79642857142866,
2026-06-03,14800.35,14830.55,14525.75,14598.85,12959838.0,1196.9,-1.3291203406441077,15009.817,,-27.17815286982841,21.914976402176276,244.5642857142857,
2026-06-04,14571.8,14647.85,14532.1,14568.5,7650636.0,1222.14,-0.2078930874692242,14974.833999999999,,-54.03469378472619,6.725042364795785,237.18214285714294,
2026-06-05,14655.95,14666.05,14372.2,14438.55,12114404.0,1241.3,-0.891992998592861,14922.582499999999,,-84.8267449997038,-11.585315108104133,239.48214285714286,
2026-06-08,14326.15,14390.3,14150.55,14200.95,8200231.0,930.99,-1.6455946061065596,14868.9375,,-126.93873105132843,-34.655998296749,236.0285714285714,-193.83246232148232
2026-06-09,14245.75,14318.85,14206.35,14268.85,5392422.0,913.24,0.4781370260440232,14825.985,,-153.06933287466563,-58.33866521233233,234.01785714285703,-158.43678534737765
2026-06-10,14263.75,14349.9,14201.75,14222.9,9906756.0,1204.24,-0.3220301565998729,14795.257499999998,14861.319599999999,-175.46317381460722,-81.76356693278731,230.29285714285703,-137.0739276240047
2026-06-11,14149.0,14211.25,14059.85,14128.35,7455512.0,806.92,-0.6647730069113789,14753.45,14855.654199999999,-198.55107570413747,-105.12106868705736,213.04999999999978,-145.3845168224317
2026-06-12,14253.65,14507.45,14186.45,14480.35,17358698.0,934.35,2.4914445069665003,14725.085000000001,14863.128600000002,-186.29742532466298,-121.35634001457848,227.10357142857123,-77.55715290227626
2026-06-15,14711.95,14940.85,14706.3,14881.0,10786473.0,1323.5,2.7668530111495837,14724.960000000001,14885.401800000001,-142.61325565043444,-125.60772314174967,246.84285714285696,26.175617170228687
2026-06-16,14918.85,14929.0,14764.5,14844.85,6047997.0,757.64,-0.2429272226328827,14728.4,14901.250600000001,-109.64630498657425,-122.4154395107146,245.1392857142855,25.04134719782106
2026-06-17,14878.9,14975.6,14784.35,14926.3,8209216.0,770.69,0.5486751297588022,14737.157500000001,14920.230999999998,-76.07053104780607,-113.14645781813292,247.29285714285692,34.09390099641377
2026-06-18,14989.8,15072.75,14869.75,15030.5,7889704.0,944.17,0.6980966481981543,14753.630000000001,14934.0086,-40.585573904350895,-98.63428103537652,236.4749999999997,50.809143134745206
2026-06-19,14997.05,15035.95,14842.45,14918.65,9148551.0,942.19,-0.7441535544393085,14746.8175,14948.122800000001,-21.24396276455809,-83.15621738121284,230.0714285714283,39.012571430252024
2026-06-22,14966.0,14980.65,14888.0,14955.85,7525062.0,768.92,0.2493523207528936,14737.517500000002,14947.9946,-2.8806610138435644,-67.101106107739,222.5714285714283,44.65403165638287
2026-06-23,14996.2,14996.75,14723.15,14816.6,9251081.0,993.24,-0.9310737938666103,14716.257500000002,14948.7574,0.4311071499796526,-53.59466345619527,220.34285714285696,28.973651696003092
2026-06-24,14866.6,15091.85,14795.95,15066.05,13786688.0,1135.32,1.6835846280523148,14710.852499999999,14949.305400000001,22.92002970397334,-38.29172482416155,233.2107142857141,66.81006581187951
2026-06-25,15131.55,15266.45,14998.15,15035.0,13242746.0,1269.79,-0.20609250599857853,14699.9025,14952.913599999998,37.801435924862744,-23.07309267435669,231.38571428571427,99.665472317105
2026-06-29,15026.35,15061.9,14791.55,14821.85,9989041.0,1422.22,-1.4176920518789493,14690.95,14946.955599999998,32.026452924990735,-12.053183554487205,230.125,50.81778698656064
2026-06-30,14851.7,14941.95,14781.65,14859.4,8731556.0,1078.13,0.2533421941255609,14692.9425,14940.4766,30.132361367541307,-3.616074570081503,233.15357142857152,43.378995433789655
2026-07-01,14897.1,14999.75,14887.85,14966.45,8566938.0,747.6,0.7204193978222584,14701.49,14934.8986,36.84459890666221,4.4760601252672405,232.59642857142873,62.61560028189297
2026-07-02,15033.75,15179.95,15010.4,15166.45,10304989.0,809.56,1.3363222407451358,14729.87,14931.281599999998,57.638008956895646,15.108449891592922,236.20000000000022,95.30698481442658
2026-07-03,15238.15,15486.85,15202.5,15370.6,11444425.0,906.08,1.3460631855180427,14769.975,14929.4144,89.55776886568856,29.99831368641205,232.007142857143,138.78933344382173
2026-07-06,15404.05,15415.25,15260.0,15338.9,5507565.0,540.19,-0.20623788271115773,14814.992500000002,14925.320600000001,111.01675148521826,46.202001246173296,210.2035714285716,128.04573061807776
2026-07-07,15360.6,15374.25,15221.1,15266.0,4629303.0,576.69,-0.4752622417513619,14868.245,14924.74,120.74881192519024,61.11136338197669,209.39285714285728,115.91376506166168
2026-07-08,15181.2,15235.75,14832.05,14873.5,6404589.0,784.77,-2.571072972618893,14898.477499999999,14919.646200000001,95.68704945593527,68.02650059676841,226.7285714285716,26.3081518610235
2026-07-09,14896.45,15163.75,14896.45,15089.35,5901787.0,743.09,1.4512387803812254,14941.8,14915.659,92.18011818280502,72.85722411397575,232.96071428571446,42.07832674056969
2026-07-10,15165.15,15374.5,15165.15,15292.8,6875453.0,597.52,1.3483019480627023,15000.022499999997,14919.063800000002,104.61166640832744,79.20811257284609,239.507142857143,120.6339209854046
2026-07-13,15180.65,15245.4,15105.85,15142.1,6462063.0,663.48,-0.985431052521446,15033.11,14920.492,101.1376752299384,83.59402510426455,246.24285714285725,61.538042547893305
2026-07-14,15116.0,15128.7,14987.7,15071.05,28456766.0,1778.77,-0.46922157428627154,15042.6125,14925.282000000001,91.59551490236663,85.19432306388497,237.72857142857148,9.249447257218
2026-07-15,15110.25,15439.85,15104.05,15340.15,59842907.0,3086.57,1.7855424804509301,15067.377500000002,14931.3946,104.54230649868805,89.06391975084559,242.93571428571445,108.44816545312226
2026-07-16,15413.85,15442.1,15271.5,15316.3,12233646.0,1003.02,-0.15547435976832613,15086.877499999999,14937.889799999999,111.59187476932493,93.56951075454145,235.95714285714297,114.70878322989229
2026-07-17,15310.8,15327.35,15164.2,15274.95,16302849.0,991.46,-0.2699738187421197,15099.1,14938.025599999999,112.54476301817886,97.36456120726895,228.30000000000004,67.56665493501029
2026-07-20,15242.3,15491.4,15164.2,15396.4,7772289.0,1017.59,0.7950926189611129,15122.9875,14936.282,121.69708557191734,102.23106608019863,240.22142857142848,97.39065578064
2026-07-21,15459.9,15629.75,15420.9,15611.3,14335467.0,1876.94,1.3957808318827647,15155.759999999998,14943.031,144.62386722431074,110.70962630902106,246.86428571428561,158.4328647081595
2026-07-22,15615.1,15615.1,15411.55,15457.7,6834545.0,819.8,-0.9839026858749711,15187.814999999999,14949.627,148.68531874998553,118.30476479721396,246.1535714285714,121.78466832144895
2026-07-23,15401.15,15490.55,15294.3,15336.15,5770789.0,953.46,-0.7863394942326574,15201.320000000002,14959.601,140.47665178291936,122.73914219435505,237.28571428571428,67.43697384420133
2026-07-24,15220.35,15327.45,15105.75,15262.95,6588546.0,830.95,-0.47730362574700536,15212.717500000002,14965.57,126.6051702356981,123.51234780262367,242.6535714285714,8.389381895902156
2026-07-27,15287.4,15380.1,15228.85,15363.1,5314276.0,669.33,0.6561641098214999,15239.779999999999,14971.879,122.2835801888923,123.2665942798774,242.51785714285714,41.78987406149354
2026-07-28,15353.2,15390.35,15192.45,15276.6,9824324.0,1108.0,-0.5630374078148259,15260.640000000003,14979.741000000002,110.60388906744629,120.73405323739118,225.6571428571428,17.35693476668391
2026-07-29,15298.25,15437.85,15271.75,15368.15,10458356.0,866.7,0.5992825628739373,15280.725,14991.583,107.4958246381957,118.08640751755209,216.78928571428565,52.898904008569176
2026-07-30,15367.05,15367.05,15193.45,15276.9,6764349.0,762.91,-0.5937604721453105,15286.247500000001,15002.097999999998,96.5565055025927,113.78042711456021,208.8999999999999,-2.700781559216754
2026-07-31,15317.0,15350.55,15162.45,15207.75,4248356.0,1037.08,-0.452644188284268,15278.105000000001,15012.232,81.36921551882733,107.29818479541365,208.98214285714272,-25.875618514507927
2026-08-03,15276.3,15622.15,15275.2,15621.1,6986039.0,751.74,2.718022061120151,15292.215,15023.556,101.51684626637507,106.14191708960593,227.5535714285713,142.5697403561213
2026-08-04,15591.9,15592.0,15398.4,15438.05,5131307.0,643.89,-1.1718124843961175,15300.8175,15029.48,101.54286071227398,105.22210581413954,217.117857142857,107.22368952322431
2026-08-05,15519.75,15699.75,15430.5,15562.8,9176672.0,928.64,0.8080683765112839,15335.282499999998,15035.9,110.35762575436274,106.24920980218418,224.16428571428554,145.0874858893725
2026-08-06,15585.1,15588.2,15402.15,15420.95,10680407.0,933.39,-0.9114683733004281,15351.8625,15040.836,104.69047442546616,105.9374627268406,225.79999999999993,80.08865212718457
2026-08-07,15432.1,15451.0,15292.9,15442.1,55780734.0,1410.72,0.1371510834287104,15359.3275,15044.597999999998,100.7445242455542,104.89887503058333,213.7214285714286,28.41239153690462
2026-08-10,15443.4,15567.8,15361.15,15470.0,12758386.0,1476.06,0.18067490820548038,15375.7225,15053.98,98.73052311604624,103.66520464767592,211.8142857142857,66.37103692491833
2026-08-11,15481.1,15506.4,15196.95,15227.05,6973640.0,723.56,-1.570458952811904,15383.522500000001,15062.13,76.6468410559919,98.26153192933913,219.37857142857123,-51.06557742626393
2026-08-12,15253.65,15276.55,15102.65,15225.15,11057505.0,1560.95,-0.012477794451315471,15377.772499999997,15070.723,58.319775726251464,90.27318068872161,217.78214285714265,-123.26341806901736
2026-08-13,15231.0,15237.65,15016.6,15083.25,6359308.0,924.39,-0.9320105220638197,15366.119999999999,15080.411,31.976692909773192,78.61388313293192,217.11428571428547,-160.72492346081796
2026-08-14,15092.2,15095.7,14941.5,14987.65,6002414.0,707.69,-0.6338156564400954,15351.755,15088.794000000002,3.346907877948979,63.56048808193533,217.32499999999982,-196.8601727782834
2026-08-17,14985.85,15027.9,14877.85,14991.2,8426763.0,1009.06,0.023686168278547193,15331.495,15099.847,-18.838785897731213,47.080633286002026,213.90714285714265,-180.3961019323694
2026-08-18,14985.55,15031.55,14934.65,14957.75,6395951.0,1060.63,-0.2231309034633755,15298.817500000001,15114.983,-38.67442876018504,29.929620876764616,208.96428571428547,-153.92348547578055
2026-08-19,14956.7,14969.5,14778.8,14842.65,44951706.0,1340.49,-0.769500760475339,15268.064999999999,15126.459,-62.95620674347265,11.352455352717165,210.10714285714272,-173.25751655697266
2026-08-20,14922.1,14968.7,14871.85,14932.85,9373527.0,1030.46,0.607708192270251,15247.9,15140.658000000001,-74.0675005281737,-5.731535823461007,205.67500000000004,-126.19458870754949
2026-08-21,14910.7,14999.25,14867.2,14933.45,17188223.0,1130.84,0.004017987189319783,15231.425,15156.76,-81.88099280361348,-20.9614272194915,185.5071428571429,-106.26433695408835
2026-08-24,14958.55,14973.1,14793.75,14822.15,7664508.0,1161.65,-0.7453066772915906,15204.377499999999,15163.595999999998,-95.94819053732317,-35.95877988305784,182.41071428571428,-113.22149972847014
2026-08-25,14844.75,14863.9,14683.55,14859.2,6296248.0,1395.84,0.24996373670487237,15183.507499999998,15163.16,-102.92051707470819,-49.35112732138791,176.0607142857143,-114.95251722389958
2026-08-26,14909.2,15129.4,14898.25,15105.6,9946424.0,1045.61,1.6582319371164056,15170.38,15168.375,-87.55444222992446,-56.991790303095215,182.07142857142844,-37.93189312366516
2026-08-27,15082.55,15121.1,14897.9,14904.65,6220610.0,863.94,-1.330301345196483,15151.767499999998,15167.942000000003,-90.54792271073711,-63.7030167846236,186.72142857142848,-53.74110756976514
2026-08-28,14912.35,14924.4,14745.25,14820.55,5265150.0,726.91,-0.5642534376855579,15132.407499999998,15163.743,-98.57018892549422,-70.67645121279773,184.75714285714275,-87.60900620507128
2026-08-31,14795.6,14799.0,14629.35,14678.9,11581767.0,1490.9,-0.9557674985071429,15085.2975,15158.948,-115.03184833676642,-79.54753063759148,176.31071428571417,-116.41901931649338
2026-09-01,14742.45,14755.65,14551.6,14587.6,4972249.0,673.84,-0.6219812111261658,15042.775,15151.583,-133.90144646996305,-90.4183138040658,178.46428571428558,-129.9136687163841
2026-09-02,14551.25,14551.3,14339.9,14521.25,5283613.0,828.7,-0.45483835586388466,14990.6975,15145.676,-152.45225473420942,-102.82510199009454,180.3678571428571,-172.8241862378841
2026-09-03,14540.9,14606.5,14512.55,14588.2,6787759.0,1244.28,0.4610484634587353,14949.060000000001,15136.119,-159.90827540010832,-114.2417366720973,176.0642857142857,-132.24513395380467
2026-09-04,14613.2,14682.0,14570.7,14651.6,6052039.0,832.82,0.4345978256399041,14909.534999999998,15128.451000000001,-158.87002064660737,-123.16739346699933,173.29642857142855,-100.15044327222186
2026-09-07,14638.3,14652.55,14439.65,14440.45,5860144.0,839.94,-1.4411395342488142,14858.057499999999,15120.823,-173.0899632682631,-133.15190742725207,181.58214285714283,-132.7449323930129
2026-09-08,14449.9,14480.1,14302.7,14347.35,4923000.0,879.82,-0.6447167505167828,14814.0725,15110.582,-189.68518938758461,-144.45856381931858,180.63214285714275,-158.84555279662715
2026-09-09,14341.05,14365.45,14258.35,14297.65,4784272.0,799.1,-0.3464054337560696,14767.6975,15097.205999999998,-204.49016495813703,-156.46488404708228,179.27857142857127,-156.21655823395724
2026-09-10,14277.55,14317.6,14215.85,14292.4,6344563.0,865.56,-0.03671932100729469,14728.155000000002,15079.725,-214.1779359611828,-168.0074944299024,177.11428571428561,-144.00951538104522
2026-09-11,14207.85,14210.65,14079.8,14191.85,5470571.0,622.44,-0.7035207522879228,14688.365,15056.15,-227.34837836002225,-179.8756712159264,179.48928571428561,-154.9810930318366
2026-09-15,14191.2,14210.45,13803.7,13806.2,5962993.0,977.71,-2.717404707631488,14629.115,15025.496000000001,-265.8403388906245,-197.06860475086603,195.66071428571416,-185.18528325367708
2026-09-16,13848.65,13923.6,13768.7,13830.7,5956125.0,744.24,0.17745650504845667,14572.7625,14996.79,-291.0139223389215,-215.85766826847714,187.42499999999993,-177.03270446517973
2026-09-17,13834.7,13982.35,13815.75,13965.35,6332384.0,665.28,0.9735588220408209,14528.897500000001,14978.627,-296.6791068372877,-232.02195598223926,183.38214285714275,-135.78039151568422
2026-09-18,14015.4,14293.7,14012.25,14230.1,11382340.0,1246.07,1.8957634430930792,14493.76,14961.442,-276.61702509854695,-240.9409698055008,194.03928571428565,-70.72008552916536
2026-09-21,14239.0,14348.1,14201.65,14238.3,7825010.0,504.44,0.05762433152260993,14459.002499999999,14940.351999999999,-257.09240806564776,-244.1712574575302,190.8428571428572,-46.15684171787197
2026-09-22,14244.0,14300.9,14115.75,14117.35,6832985.0,753.96,-0.8494693889017579,14423.7625,14919.857,-248.5139484750216,-245.0397956610285,189.49285714285725,-58.790172515274634
2026-09-23,14142.7,14274.15,14142.6,14265.7,5057989.0,541.56,1.050834611311613,14394.0875,14903.75,-227.12667730316025,-241.45717198945488,183.0,-42.25286282785293
2026-09-24,14169.7,14265.0,14120.05,14149.1,4238546.0,649.99,-0.8173451004857779,14346.262500000003,14879.929000000002,-217.08335456391978,-236.58240850434788,186.6928571428572,-48.64616075261319
